ts_utc,ts_local,ticker,price,signal,method
2025-09-18T09:24:30.593069+00:00,2025-08-20 09:45:00,CTG,50700,-1,Wyckoff+VSA+RSI
2025-09-18T09:24:30.599944+00:00,2025-08-21 10:00:00,CTG,51900,-1,Wyckoff+VSA+RSI
2025-09-18T09:24:30.601063+00:00,2025-08-21 10:45:00,CTG,52000,-1,Wyckoff+VSA+RSI
2025-09-18T09:24:30.605981+00:00,2025-08-25 14:15:00,CTG,49000,1,Wyckoff+VSA+RSI
2025-09-18T09:24:30.607937+00:00,2025-09-03 10:30:00,CTG,50400,1,Wyckoff+VSA+RSI
2025-09-18T09:24:30.610147+00:00,2025-09-05 10:30:00,CTG,51300,-1,Wyckoff+VSA+RSI
2025-09-18T09:24:30.611143+00:00,2025-09-08 09:15:00,CTG,49750,1,Wyckoff+VSA+RSI
2025-09-18T09:24:30.611143+00:00,2025-09-08 10:45:00,CTG,49400,1,Wyckoff+VSA+RSI
2025-09-18T09:24:30.612140+00:00,2025-09-08 11:15:00,CTG,49450,1,Wyckoff+VSA+RSI
2025-09-18T09:24:30.613137+00:00,2025-09-08 14:15:00,CTG,49050,1,Wyckoff+VSA+RSI
2025-09-18T09:24:30.613137+00:00,2025-09-10 09:45:00,CTG,51000,-1,Wyckoff+VSA+RSI
2025-09-18T09:24:30.614133+00:00,2025-09-10 13:30:00,CTG,50400,-1,Wyckoff+VSA+RSI
2025-09-18T09:24:30.614133+00:00,2025-09-12 09:15:00,CTG,50800,-1,Wyckoff+VSA+RSI
2025-09-18T09:24:30.615131+00:00,2025-09-12 10:15:00,CTG,50900,-1,Wyckoff+VSA+RSI
2025-09-18T09:24:30.615900+00:00,2025-09-12 11:00:00,CTG,50900,-1,Wyckoff+VSA+RSI
2025-09-18T09:24:30.615900+00:00,2025-09-15 13:30:00,CTG,50100,1,Wyckoff+VSA+RSI
2025-09-18T09:24:30.617025+00:00,2025-09-15 13:45:00,CTG,50300,1,Wyckoff+VSA+RSI
2025-09-18T09:24:30.617025+00:00,2025-09-16 10:30:00,CTG,52900,-1,Wyckoff+VSA+RSI
2025-09-18T09:24:30.618024+00:00,2025-09-16 13:15:00,CTG,52700,-1,Wyckoff+VSA+RSI
2025-09-18T09:24:30.619380+00:00,2025-09-16 13:30:00,CTG,52800,-1,Wyckoff+VSA+RSI
2025-09-18T09:24:30.621379+00:00,2025-09-17 14:00:00,CTG,51900,1,Wyckoff+VSA+RSI
2025-09-18T09:24:30.621379+00:00,2025-09-17 14:15:00,CTG,51700,1,Wyckoff+VSA+RSI
2025-09-18T09:24:30.622528+00:00,2025-09-18 13:30:00,CTG,50600,1,Wyckoff+VSA+RSI
2025-09-18T09:24:31.378799+00:00,2025-08-20 09:15:00,MBB,28050,1,Wyckoff+VSA+RSI
2025-09-18T09:24:31.378799+00:00,2025-08-20 09:30:00,MBB,27750,1,Wyckoff+VSA+RSI
2025-09-18T09:24:31.380242+00:00,2025-08-20 10:15:00,MBB,27600,1,Wyckoff+VSA+RSI
2025-09-18T09:24:31.380242+00:00,2025-08-20 10:30:00,MBB,27450,1,Wyckoff+VSA+RSI
2025-09-18T09:24:31.380242+00:00,2025-08-20 10:45:00,MBB,27300,1,Wyckoff+VSA+RSI
2025-09-18T09:24:31.381676+00:00,2025-08-20 13:00:00,MBB,27450,1,Wyckoff+VSA+RSI
2025-09-18T09:24:31.381676+00:00,2025-08-21 10:45:00,MBB,28450,-1,Wyckoff+VSA+RSI
2025-09-18T09:24:31.381676+00:00,2025-08-21 13:00:00,MBB,28400,-1,Wyckoff+VSA+RSI
2025-09-18T09:24:31.382695+00:00,2025-08-21 14:15:00,MBB,28300,-1,Wyckoff+VSA+RSI
2025-09-18T09:24:31.382695+00:00,2025-08-22 09:15:00,MBB,27800,1,Wyckoff+VSA+RSI
2025-09-18T09:24:31.382695+00:00,2025-08-22 10:45:00,MBB,27250,1,Wyckoff+VSA+RSI
2025-09-18T09:24:31.383719+00:00,2025-08-22 11:15:00,MBB,27200,1,Wyckoff+VSA+RSI
2025-09-18T09:24:31.383719+00:00,2025-08-22 14:15:00,MBB,27100,1,Wyckoff+VSA+RSI
2025-09-18T09:24:31.383719+00:00,2025-08-25 13:15:00,MBB,26050,1,Wyckoff+VSA+RSI
2025-09-18T09:24:31.384729+00:00,2025-08-25 13:30:00,MBB,26450,1,Wyckoff+VSA+RSI
2025-09-18T09:24:31.385785+00:00,2025-08-25 14:15:00,MBB,26400,1,Wyckoff+VSA+RSI
2025-09-18T09:24:31.386981+00:00,2025-08-27 09:15:00,MBB,27900,-1,Wyckoff+VSA+RSI
2025-09-18T09:24:31.388164+00:00,2025-08-27 10:45:00,MBB,27850,-1,Wyckoff+VSA+RSI
2025-09-18T09:24:31.388164+00:00,2025-08-27 11:15:00,MBB,27750,-1,Wyckoff+VSA+RSI
2025-09-18T09:24:31.389225+00:00,2025-08-28 10:00:00,MBB,26700,1,Wyckoff+VSA+RSI
2025-09-18T09:24:31.389225+00:00,2025-08-29 09:30:00,MBB,27250,-1,Wyckoff+VSA+RSI
2025-09-18T09:24:31.389225+00:00,2025-08-29 09:45:00,MBB,27500,-1,Wyckoff+VSA+RSI
2025-09-18T09:24:31.390250+00:00,2025-08-29 14:00:00,MBB,27750,-1,Wyckoff+VSA+RSI
2025-09-18T09:24:31.390250+00:00,2025-09-03 13:15:00,MBB,28500,-1,Wyckoff+VSA+RSI
2025-09-18T09:24:31.390250+00:00,2025-09-03 14:15:00,MBB,28400,-1,Wyckoff+VSA+RSI
2025-09-18T09:24:31.391441+00:00,2025-09-03 14:45:00,MBB,28450,-1,Wyckoff+VSA+RSI
2025-09-18T09:24:31.391441+00:00,2025-09-04 10:00:00,MBB,28450,-1,Wyckoff+VSA+RSI
2025-09-18T09:24:31.391441+00:00,2025-09-05 14:15:00,MBB,27500,1,Wyckoff+VSA+RSI
2025-09-18T09:24:31.392663+00:00,2025-09-08 09:15:00,MBB,26900,1,Wyckoff+VSA+RSI
2025-09-18T09:24:31.392663+00:00,2025-09-08 09:30:00,MBB,26750,1,Wyckoff+VSA+RSI
2025-09-18T09:24:31.392663+00:00,2025-09-08 13:15:00,MBB,27050,1,Wyckoff+VSA+RSI
2025-09-18T09:24:31.392663+00:00,2025-09-10 09:15:00,MBB,27250,-1,Wyckoff+VSA+RSI
2025-09-18T09:24:31.392663+00:00,2025-09-10 13:30:00,MBB,26950,-1,Wyckoff+VSA+RSI
2025-09-18T09:24:31.394165+00:00,2025-09-11 09:30:00,MBB,26500,1,Wyckoff+VSA+RSI
2025-09-18T09:24:31.394165+00:00,2025-09-11 09:45:00,MBB,26250,1,Wyckoff+VSA+RSI
2025-09-18T09:24:31.394165+00:00,2025-09-11 10:00:00,MBB,26200,1,Wyckoff+VSA+RSI
2025-09-18T09:24:31.394165+00:00,2025-09-11 10:15:00,MBB,26400,1,Wyckoff+VSA+RSI
2025-09-18T09:24:31.395220+00:00,2025-09-16 10:45:00,MBB,27650,-1,Wyckoff+VSA+RSI
2025-09-18T09:24:31.395220+00:00,2025-09-16 13:45:00,MBB,27600,-1,Wyckoff+VSA+RSI
2025-09-18T09:24:31.395220+00:00,2025-09-18 09:15:00,MBB,26900,1,Wyckoff+VSA+RSI
2025-09-18T09:24:31.395220+00:00,2025-09-18 09:45:00,MBB,26750,1,Wyckoff+VSA+RSI
2025-09-18T09:24:31.396231+00:00,2025-09-18 13:30:00,MBB,26650,1,Wyckoff+VSA+RSI
2025-09-18T09:24:31.396231+00:00,2025-09-18 13:45:00,MBB,26800,1,Wyckoff+VSA+RSI
2025-09-18T09:24:31.947065+00:00,2025-08-20 10:45:00,ACB,27500,1,Wyckoff+VSA+RSI
2025-09-18T09:24:31.948072+00:00,2025-08-21 10:45:00,ACB,28450,-1,Wyckoff+VSA+RSI
2025-09-18T09:24:31.948072+00:00,2025-08-21 11:15:00,ACB,28400,-1,Wyckoff+VSA+RSI
2025-09-18T09:24:31.948072+00:00,2025-08-22 13:45:00,ACB,28000,1,Wyckoff+VSA+RSI
2025-09-18T09:24:31.949079+00:00,2025-08-25 13:15:00,ACB,26700,1,Wyckoff+VSA+RSI
2025-09-18T09:24:31.949985+00:00,2025-08-25 13:45:00,ACB,26550,1,Wyckoff+VSA+RSI
2025-09-18T09:24:31.949985+00:00,2025-08-25 14:15:00,ACB,26300,1,Wyckoff+VSA+RSI
2025-09-18T09:24:31.950985+00:00,2025-08-26 13:30:00,ACB,26900,-1,Wyckoff+VSA+RSI
2025-09-18T09:24:31.950985+00:00,2025-08-27 10:30:00,ACB,27800,-1,Wyckoff+VSA+RSI
2025-09-18T09:24:31.951982+00:00,2025-08-29 13:30:00,ACB,28050,-1,Wyckoff+VSA+RSI
2025-09-18T09:24:31.951982+00:00,2025-09-03 10:00:00,ACB,27250,1,Wyckoff+VSA+RSI
2025-09-18T09:24:31.953258+00:00,2025-09-03 11:00:00,ACB,27250,1,Wyckoff+VSA+RSI
2025-09-18T09:24:31.953761+00:00,2025-09-05 14:15:00,ACB,27200,1,Wyckoff+VSA+RSI
2025-09-18T09:24:31.953761+00:00,2025-09-08 09:15:00,ACB,27250,1,Wyckoff+VSA+RSI
2025-09-18T09:24:31.954824+00:00,2025-09-08 09:30:00,ACB,27000,1,Wyckoff+VSA+RSI
2025-09-18T09:24:31.954824+00:00,2025-09-08 10:45:00,ACB,26800,1,Wyckoff+VSA+RSI
2025-09-18T09:24:31.954824+00:00,2025-09-08 11:15:00,ACB,26700,1,Wyckoff+VSA+RSI
2025-09-18T09:24:31.955820+00:00,2025-09-08 14:15:00,ACB,26600,1,Wyckoff+VSA+RSI
2025-09-18T09:24:31.955820+00:00,2025-09-11 09:45:00,ACB,26000,1,Wyckoff+VSA+RSI
2025-09-18T09:24:31.955820+00:00,2025-09-11 10:15:00,ACB,25950,1,Wyckoff+VSA+RSI
2025-09-18T09:24:31.956820+00:00,2025-09-11 11:15:00,ACB,26000,1,Wyckoff+VSA+RSI
2025-09-18T09:24:31.956820+00:00,2025-09-11 13:30:00,ACB,26150,1,Wyckoff+VSA+RSI
2025-09-18T09:24:31.957817+00:00,2025-09-12 10:15:00,ACB,26350,-1,Wyckoff+VSA+RSI
2025-09-18T09:24:31.957817+00:00,2025-09-12 10:30:00,ACB,26450,-1,Wyckoff+VSA+RSI
2025-09-18T09:24:31.958813+00:00,2025-09-12 10:45:00,ACB,26550,-1,Wyckoff+VSA+RSI
2025-09-18T09:24:31.958813+00:00,2025-09-12 11:00:00,ACB,26600,-1,Wyckoff+VSA+RSI
2025-09-18T09:24:31.959809+00:00,2025-09-17 14:00:00,ACB,26200,1,Wyckoff+VSA+RSI
2025-09-18T09:24:31.959809+00:00,2025-09-18 09:45:00,ACB,25950,1,Wyckoff+VSA+RSI
2025-09-18T09:24:31.960338+00:00,2025-09-18 10:15:00,ACB,25950,1,Wyckoff+VSA+RSI
2025-09-18T09:24:31.960338+00:00,2025-09-18 13:15:00,ACB,25800,1,Wyckoff+VSA+RSI
2025-09-18T09:24:31.962538+00:00,2025-09-18 13:30:00,ACB,25700,1,Wyckoff+VSA+RSI
2025-09-18T09:24:31.962538+00:00,2025-09-18 14:00:00,ACB,25700,1,Wyckoff+VSA+RSI
2025-09-18T09:24:31.962538+00:00,2025-09-18 14:15:00,ACB,25650,1,Wyckoff+VSA+RSI
2025-09-18T09:24:32.562132+00:00,2025-08-20 13:00:00,QNS,47600,1,Wyckoff+VSA+RSI
2025-09-18T09:24:32.562132+00:00,2025-08-20 14:00:00,QNS,47400,1,Wyckoff+VSA+RSI
2025-09-18T09:24:32.562132+00:00,2025-08-21 13:30:00,QNS,47100,1,Wyckoff+VSA+RSI
2025-09-18T09:24:32.562132+00:00,2025-08-21 14:00:00,QNS,46700,1,Wyckoff+VSA+RSI
2025-09-18T09:24:32.563642+00:00,2025-08-21 14:15:00,QNS,46600,1,Wyckoff+VSA+RSI
2025-09-18T09:24:32.563642+00:00,2025-08-25 13:45:00,QNS,47200,1,Wyckoff+VSA+RSI
2025-09-18T09:24:32.563642+00:00,2025-09-05 14:30:00,QNS,47300,1,Wyckoff+VSA+RSI
2025-09-18T09:24:32.564776+00:00,2025-09-10 13:00:00,QNS,47300,1,Wyckoff+VSA+RSI
2025-09-18T09:24:32.564776+00:00,2025-09-10 14:45:00,QNS,47000,1,Wyckoff+VSA+RSI
2025-09-18T09:24:32.564776+00:00,2025-09-15 13:15:00,QNS,47500,-1,Wyckoff+VSA+RSI
2025-09-18T09:24:32.564776+00:00,2025-09-17 09:45:00,QNS,47800,-1,Wyckoff+VSA+RSI
2025-09-18T09:24:32.566223+00:00,2025-09-18 11:15:00,QNS,47400,1,Wyckoff+VSA+RSI
2025-09-18T09:24:33.081089+00:00,2025-08-20 10:45:00,MSH,35700,1,Wyckoff+VSA+RSI
2025-09-18T09:24:33.081089+00:00,2025-08-21 09:15:00,MSH,35100,1,Wyckoff+VSA+RSI
2025-09-18T09:24:33.082110+00:00,2025-08-22 09:45:00,MSH,36600,-1,Wyckoff+VSA+RSI
2025-09-18T09:24:33.082110+00:00,2025-08-26 13:30:00,MSH,35450,1,Wyckoff+VSA+RSI
2025-09-18T09:24:33.082110+00:00,2025-08-27 09:15:00,MSH,36250,-1,Wyckoff+VSA+RSI
2025-09-18T09:24:33.082110+00:00,2025-08-28 09:30:00,MSH,37100,-1,Wyckoff+VSA+RSI
2025-09-18T09:24:33.083611+00:00,2025-08-28 10:00:00,MSH,37000,-1,Wyckoff+VSA+RSI
2025-09-18T09:24:33.084237+00:00,2025-08-28 10:15:00,MSH,36950,-1,Wyckoff+VSA+RSI
2025-09-18T09:24:33.084740+00:00,2025-08-28 13:15:00,MSH,36950,-1,Wyckoff+VSA+RSI
2025-09-18T09:24:33.085808+00:00,2025-08-29 13:45:00,MSH,36450,1,Wyckoff+VSA+RSI
2025-09-18T09:24:33.085808+00:00,2025-08-29 14:00:00,MSH,36450,1,Wyckoff+VSA+RSI
2025-09-18T09:24:33.085808+00:00,2025-08-29 14:15:00,MSH,36650,1,Wyckoff+VSA+RSI
2025-09-18T09:24:33.087007+00:00,2025-09-05 14:15:00,MSH,36450,1,Wyckoff+VSA+RSI
2025-09-18T09:24:33.087007+00:00,2025-09-08 09:30:00,MSH,36250,1,Wyckoff+VSA+RSI
2025-09-18T09:24:33.088011+00:00,2025-09-08 10:45:00,MSH,35800,1,Wyckoff+VSA+RSI
2025-09-18T09:24:33.088321+00:00,2025-09-08 11:00:00,MSH,35600,1,Wyckoff+VSA+RSI
2025-09-18T09:24:33.088321+00:00,2025-09-08 14:15:00,MSH,35750,1,Wyckoff+VSA+RSI
2025-09-18T09:24:33.089489+00:00,2025-09-11 10:00:00,MSH,35050,1,Wyckoff+VSA+RSI
2025-09-18T09:24:33.090508+00:00,2025-09-11 14:45:00,MSH,36000,-1,Wyckoff+VSA+RSI
2025-09-18T09:24:33.090508+00:00,2025-09-12 10:00:00,MSH,36000,-1,Wyckoff+VSA+RSI
2025-09-18T09:24:33.091513+00:00,2025-09-15 14:45:00,MSH,37300,-1,Wyckoff+VSA+RSI
2025-09-18T09:24:33.091513+00:00,2025-09-16 10:45:00,MSH,37250,-1,Wyckoff+VSA+RSI
2025-09-18T09:24:33.091513+00:00,2025-09-16 11:00:00,MSH,37300,-1,Wyckoff+VSA+RSI
2025-09-18T09:24:33.091513+00:00,2025-09-16 14:15:00,MSH,36800,1,Wyckoff+VSA+RSI
2025-09-18T09:24:33.092634+00:00,2025-09-17 14:00:00,MSH,36600,1,Wyckoff+VSA+RSI
2025-09-18T09:24:33.092634+00:00,2025-09-18 09:30:00,MSH,36550,1,Wyckoff+VSA+RSI
2025-09-18T09:24:33.092634+00:00,2025-09-18 13:45:00,MSH,36100,1,Wyckoff+VSA+RSI
2025-09-18T09:24:33.707278+00:00,2025-08-21 13:30:00,HDB,32850,-1,Wyckoff+VSA+RSI
2025-09-18T09:24:33.707278+00:00,2025-08-22 10:45:00,HDB,32300,1,Wyckoff+VSA+RSI
2025-09-18T09:24:33.707278+00:00,2025-08-25 13:15:00,HDB,31400,1,Wyckoff+VSA+RSI
2025-09-18T09:24:33.707278+00:00,2025-08-25 14:15:00,HDB,31150,1,Wyckoff+VSA+RSI
2025-09-18T09:24:33.707278+00:00,2025-08-26 14:00:00,HDB,32000,-1,Wyckoff+VSA+RSI
2025-09-18T09:24:33.707278+00:00,2025-08-26 14:45:00,HDB,32300,-1,Wyckoff+VSA+RSI
2025-09-18T09:24:33.707278+00:00,2025-08-27 09:15:00,HDB,32700,-1,Wyckoff+VSA+RSI
2025-09-18T09:24:33.707278+00:00,2025-08-27 10:30:00,HDB,32450,-1,Wyckoff+VSA+RSI
2025-09-18T09:24:33.707278+00:00,2025-08-27 13:15:00,HDB,32400,-1,Wyckoff+VSA+RSI
2025-09-18T09:24:33.713917+00:00,2025-08-29 13:30:00,HDB,33550,-1,Wyckoff+VSA+RSI
2025-09-18T09:24:33.713917+00:00,2025-09-04 11:15:00,HDB,32700,1,Wyckoff+VSA+RSI
2025-09-18T09:24:33.713917+00:00,2025-09-04 13:00:00,HDB,32700,1,Wyckoff+VSA+RSI
2025-09-18T09:24:33.713917+00:00,2025-09-04 13:15:00,HDB,32800,1,Wyckoff+VSA+RSI
2025-09-18T09:24:33.713917+00:00,2025-09-05 09:15:00,HDB,33250,-1,Wyckoff+VSA+RSI
2025-09-18T09:24:33.713917+00:00,2025-09-05 13:45:00,HDB,32750,1,Wyckoff+VSA+RSI
2025-09-18T09:24:33.713917+00:00,2025-09-05 14:15:00,HDB,32350,1,Wyckoff+VSA+RSI
2025-09-18T09:24:33.713917+00:00,2025-09-08 10:15:00,HDB,31400,1,Wyckoff+VSA+RSI
2025-09-18T09:24:33.713917+00:00,2025-09-08 13:00:00,HDB,31100,1,Wyckoff+VSA+RSI
2025-09-18T09:24:33.713917+00:00,2025-09-08 14:00:00,HDB,31350,1,Wyckoff+VSA+RSI
2025-09-18T09:24:33.713917+00:00,2025-09-08 14:15:00,HDB,30550,1,Wyckoff+VSA+RSI
2025-09-18T09:24:33.713917+00:00,2025-09-12 09:30:00,HDB,31200,-1,Wyckoff+VSA+RSI
2025-09-18T09:24:33.713917+00:00,2025-09-16 14:15:00,HDB,31150,1,Wyckoff+VSA+RSI
2025-09-18T09:24:33.713917+00:00,2025-09-18 09:15:00,HDB,30700,1,Wyckoff+VSA+RSI
2025-09-18T09:24:33.713917+00:00,2025-09-18 09:45:00,HDB,30650,1,Wyckoff+VSA+RSI
2025-09-18T09:24:33.718527+00:00,2025-09-18 13:00:00,HDB,30550,1,Wyckoff+VSA+RSI
2025-09-18T09:24:33.718527+00:00,2025-09-18 13:30:00,HDB,30400,1,Wyckoff+VSA+RSI
2025-09-18T09:24:33.719753+00:00,2025-09-18 13:45:00,HDB,30400,1,Wyckoff+VSA+RSI
2025-09-18T09:24:34.233719+00:00,2025-08-20 09:45:00,STB,53700,-1,Wyckoff+VSA+RSI
2025-09-18T09:24:34.233719+00:00,2025-08-21 09:30:00,STB,55800,-1,Wyckoff+VSA+RSI
2025-09-18T09:24:34.234763+00:00,2025-08-22 10:45:00,STB,55900,1,Wyckoff+VSA+RSI
2025-09-18T09:24:34.235758+00:00,2025-08-22 13:00:00,STB,56000,1,Wyckoff+VSA+RSI
2025-09-18T09:24:34.235758+00:00,2025-08-25 13:00:00,STB,53300,1,Wyckoff+VSA+RSI
2025-09-18T09:24:34.236925+00:00,2025-08-25 13:15:00,STB,52700,1,Wyckoff+VSA+RSI
2025-09-18T09:24:34.236925+00:00,2025-08-25 14:15:00,STB,53400,1,Wyckoff+VSA+RSI
2025-09-18T09:24:34.237931+00:00,2025-08-26 14:45:00,STB,55000,-1,Wyckoff+VSA+RSI
2025-09-18T09:24:34.237931+00:00,2025-08-27 10:30:00,STB,54600,-1,Wyckoff+VSA+RSI
2025-09-18T09:24:34.237931+00:00,2025-08-27 10:45:00,STB,54800,-1,Wyckoff+VSA+RSI
2025-09-18T09:24:34.239030+00:00,2025-08-27 13:00:00,STB,55900,-1,Wyckoff+VSA+RSI
2025-09-18T09:24:34.239030+00:00,2025-08-27 13:15:00,STB,55700,-1,Wyckoff+VSA+RSI
2025-09-18T09:24:34.239030+00:00,2025-08-28 09:45:00,STB,55600,-1,Wyckoff+VSA+RSI
2025-09-18T09:24:34.240032+00:00,2025-09-03 09:15:00,STB,55700,-1,Wyckoff+VSA+RSI
2025-09-18T09:24:34.240032+00:00,2025-09-04 09:30:00,STB,56400,-1,Wyckoff+VSA+RSI
2025-09-18T09:24:34.240772+00:00,2025-09-05 10:30:00,STB,56800,-1,Wyckoff+VSA+RSI
2025-09-18T09:24:34.240772+00:00,2025-09-05 13:45:00,STB,55900,1,Wyckoff+VSA+RSI
2025-09-18T09:24:34.241839+00:00,2025-09-05 14:00:00,STB,55800,1,Wyckoff+VSA+RSI
2025-09-18T09:24:34.241839+00:00,2025-09-05 14:15:00,STB,55300,1,Wyckoff+VSA+RSI
2025-09-18T09:24:34.241839+00:00,2025-09-08 14:15:00,STB,54100,1,Wyckoff+VSA+RSI
2025-09-18T09:24:34.242842+00:00,2025-09-09 09:15:00,STB,53500,1,Wyckoff+VSA+RSI
2025-09-18T09:24:34.242842+00:00,2025-09-10 09:15:00,STB,54400,-1,Wyckoff+VSA+RSI
2025-09-18T09:24:34.243835+00:00,2025-09-10 09:30:00,STB,54600,-1,Wyckoff+VSA+RSI
2025-09-18T09:24:34.243835+00:00,2025-09-10 09:45:00,STB,54800,-1,Wyckoff+VSA+RSI
2025-09-18T09:24:34.243835+00:00,2025-09-11 09:45:00,STB,53200,1,Wyckoff+VSA+RSI
2025-09-18T09:24:34.243835+00:00,2025-09-11 10:15:00,STB,53100,1,Wyckoff+VSA+RSI
2025-09-18T09:24:34.245061+00:00,2025-09-12 09:45:00,STB,55600,-1,Wyckoff+VSA+RSI
2025-09-18T09:24:34.245061+00:00,2025-09-12 10:15:00,STB,55600,-1,Wyckoff+VSA+RSI
2025-09-18T09:24:34.245061+00:00,2025-09-12 10:30:00,STB,55700,-1,Wyckoff+VSA+RSI
2025-09-18T09:24:34.246235+00:00,2025-09-15 13:00:00,STB,55000,1,Wyckoff+VSA+RSI
2025-09-18T09:24:34.246235+00:00,2025-09-15 13:30:00,STB,54900,1,Wyckoff+VSA+RSI
2025-09-18T09:24:34.246235+00:00,2025-09-15 13:45:00,STB,55000,1,Wyckoff+VSA+RSI
2025-09-18T09:24:34.246235+00:00,2025-09-16 10:30:00,STB,56300,-1,Wyckoff+VSA+RSI
2025-09-18T09:24:34.247392+00:00,2025-09-16 11:15:00,STB,56200,-1,Wyckoff+VSA+RSI
2025-09-18T09:24:34.247392+00:00,2025-09-16 13:15:00,STB,56300,-1,Wyckoff+VSA+RSI
2025-09-18T09:24:34.247392+00:00,2025-09-18 11:15:00,STB,57000,-1,Wyckoff+VSA+RSI
2025-09-18T09:24:34.909009+00:00,2025-08-26 09:15:00,TPB,19900,1,Wyckoff+VSA+RSI
2025-09-18T09:24:34.910022+00:00,2025-08-26 09:45:00,TPB,20050,1,Wyckoff+VSA+RSI
2025-09-18T09:24:34.911030+00:00,2025-08-27 09:15:00,TPB,21350,-1,Wyckoff+VSA+RSI
2025-09-18T09:24:34.911030+00:00,2025-08-27 09:30:00,TPB,21300,-1,Wyckoff+VSA+RSI
2025-09-18T09:24:34.911030+00:00,2025-08-27 09:45:00,TPB,21000,-1,Wyckoff+VSA+RSI
2025-09-18T09:24:34.912449+00:00,2025-08-27 10:15:00,TPB,20700,-1,Wyckoff+VSA+RSI
2025-09-18T09:24:34.912449+00:00,2025-08-27 10:30:00,TPB,20750,-1,Wyckoff+VSA+RSI
2025-09-18T09:24:34.914047+00:00,2025-08-27 14:15:00,TPB,20100,1,Wyckoff+VSA+RSI
2025-09-18T09:24:34.915181+00:00,2025-08-28 13:45:00,TPB,20750,-1,Wyckoff+VSA+RSI
2025-09-18T09:24:34.916225+00:00,2025-08-29 09:45:00,TPB,20800,-1,Wyckoff+VSA+RSI
2025-09-18T09:24:34.916225+00:00,2025-09-03 14:15:00,TPB,21100,-1,Wyckoff+VSA+RSI
2025-09-18T09:24:34.917312+00:00,2025-09-04 09:30:00,TPB,21350,-1,Wyckoff+VSA+RSI
2025-09-18T09:24:34.918330+00:00,2025-09-04 10:00:00,TPB,21400,-1,Wyckoff+VSA+RSI
2025-09-18T09:24:34.919696+00:00,2025-09-04 10:15:00,TPB,21550,-1,Wyckoff+VSA+RSI
2025-09-18T09:24:34.919696+00:00,2025-09-05 14:15:00,TPB,20700,1,Wyckoff+VSA+RSI
2025-09-18T09:24:34.920702+00:00,2025-09-08 09:15:00,TPB,20200,1,Wyckoff+VSA+RSI
2025-09-18T09:24:34.920702+00:00,2025-09-08 14:15:00,TPB,19500,1,Wyckoff+VSA+RSI
2025-09-18T09:24:34.920702+00:00,2025-09-11 09:15:00,TPB,19050,1,Wyckoff+VSA+RSI
2025-09-18T09:24:34.922291+00:00,2025-09-11 09:30:00,TPB,19000,1,Wyckoff+VSA+RSI
2025-09-18T09:24:34.922291+00:00,2025-09-11 09:45:00,TPB,18800,1,Wyckoff+VSA+RSI
2025-09-18T09:24:34.922291+00:00,2025-09-11 14:45:00,TPB,19650,-1,Wyckoff+VSA+RSI
2025-09-18T09:24:34.923794+00:00,2025-09-12 10:15:00,TPB,19500,-1,Wyckoff+VSA+RSI
2025-09-18T09:24:34.923794+00:00,2025-09-12 10:30:00,TPB,19600,-1,Wyckoff+VSA+RSI
2025-09-18T09:24:34.924813+00:00,2025-09-17 13:15:00,TPB,19500,1,Wyckoff+VSA+RSI
2025-09-18T09:24:34.924813+00:00,2025-09-17 14:00:00,TPB,19450,1,Wyckoff+VSA+RSI
2025-09-18T09:24:34.925816+00:00,2025-09-17 14:15:00,TPB,19300,1,Wyckoff+VSA+RSI
2025-09-18T09:24:34.925816+00:00,2025-09-18 09:45:00,TPB,18900,1,Wyckoff+VSA+RSI
2025-09-18T09:24:34.926917+00:00,2025-09-18 10:00:00,TPB,19000,1,Wyckoff+VSA+RSI
2025-09-18T09:24:34.926917+00:00,2025-09-18 10:45:00,TPB,18950,1,Wyckoff+VSA+RSI
2025-09-18T09:24:34.928229+00:00,2025-09-18 13:30:00,TPB,18850,1,Wyckoff+VSA+RSI
2025-09-18T09:24:34.929237+00:00,2025-09-18 13:45:00,TPB,18850,1,Wyckoff+VSA+RSI
2025-09-18T09:24:34.929237+00:00,2025-09-18 14:15:00,TPB,18900,1,Wyckoff+VSA+RSI
2025-09-18T09:24:35.458699+00:00,2025-08-21 09:45:00,NAB,16250,-1,Wyckoff+VSA+RSI
2025-09-18T09:24:35.458699+00:00,2025-08-21 10:45:00,NAB,16300,-1,Wyckoff+VSA+RSI
2025-09-18T09:24:35.459696+00:00,2025-08-21 11:15:00,NAB,16350,-1,Wyckoff+VSA+RSI
2025-09-18T09:24:35.459696+00:00,2025-08-21 13:15:00,NAB,16300,-1,Wyckoff+VSA+RSI
2025-09-18T09:24:35.459696+00:00,2025-08-21 13:45:00,NAB,16300,-1,Wyckoff+VSA+RSI
2025-09-18T09:24:35.460693+00:00,2025-08-22 09:15:00,NAB,16750,-1,Wyckoff+VSA+RSI
2025-09-18T09:24:35.460693+00:00,2025-08-22 10:00:00,NAB,16850,-1,Wyckoff+VSA+RSI
2025-09-18T09:24:35.460693+00:00,2025-08-25 09:15:00,NAB,17150,-1,Wyckoff+VSA+RSI
2025-09-18T09:24:35.461689+00:00,2025-08-25 13:30:00,NAB,16200,1,Wyckoff+VSA+RSI
2025-09-18T09:24:35.461689+00:00,2025-08-26 09:15:00,NAB,15900,1,Wyckoff+VSA+RSI
2025-09-18T09:24:35.461689+00:00,2025-08-26 13:15:00,NAB,15800,1,Wyckoff+VSA+RSI
2025-09-18T09:24:35.462686+00:00,2025-08-27 10:45:00,NAB,16250,-1,Wyckoff+VSA+RSI
2025-09-18T09:24:35.462686+00:00,2025-08-27 11:15:00,NAB,16250,-1,Wyckoff+VSA+RSI
2025-09-18T09:24:35.462686+00:00,2025-08-29 10:30:00,NAB,16200,-1,Wyckoff+VSA+RSI
2025-09-18T09:24:35.463683+00:00,2025-08-29 11:00:00,NAB,16150,-1,Wyckoff+VSA+RSI
2025-09-18T09:24:35.464188+00:00,2025-09-05 14:15:00,NAB,16000,1,Wyckoff+VSA+RSI
2025-09-18T09:24:35.464188+00:00,2025-09-08 09:15:00,NAB,15800,1,Wyckoff+VSA+RSI
2025-09-18T09:24:35.464188+00:00,2025-09-08 14:15:00,NAB,15500,1,Wyckoff+VSA+RSI
2025-09-18T09:24:35.465190+00:00,2025-09-09 09:15:00,NAB,15400,1,Wyckoff+VSA+RSI
2025-09-18T09:24:35.465190+00:00,2025-09-11 09:45:00,NAB,15150,1,Wyckoff+VSA+RSI
2025-09-18T09:24:35.465190+00:00,2025-09-15 13:15:00,NAB,15400,1,Wyckoff+VSA+RSI
2025-09-18T09:24:35.466431+00:00,2025-09-17 13:00:00,NAB,15300,1,Wyckoff+VSA+RSI
2025-09-18T09:24:35.467568+00:00,2025-09-17 14:15:00,NAB,15250,1,Wyckoff+VSA+RSI
2025-09-18T09:24:35.467568+00:00,2025-09-18 10:15:00,NAB,15100,1,Wyckoff+VSA+RSI
2025-09-18T09:24:36.065852+00:00,2025-08-21 14:15:00,BFC,50600,-1,Wyckoff+VSA+RSI
2025-09-18T09:24:36.066848+00:00,2025-08-21 14:45:00,BFC,50800,-1,Wyckoff+VSA+RSI
2025-09-18T09:24:36.068352+00:00,2025-08-25 09:15:00,BFC,44650,1,Wyckoff+VSA+RSI
2025-09-18T09:24:36.069694+00:00,2025-08-25 09:30:00,BFC,44250,1,Wyckoff+VSA+RSI
2025-09-18T09:24:36.070703+00:00,2025-08-25 10:15:00,BFC,44600,1,Wyckoff+VSA+RSI
2025-09-18T09:24:36.070703+00:00,2025-08-25 13:00:00,BFC,44150,1,Wyckoff+VSA+RSI
2025-09-18T09:24:36.071796+00:00,2025-08-25 13:15:00,BFC,43950,1,Wyckoff+VSA+RSI
2025-09-18T09:24:36.071796+00:00,2025-08-26 09:15:00,BFC,43000,1,Wyckoff+VSA+RSI
2025-09-18T09:24:36.072905+00:00,2025-09-05 11:15:00,BFC,44500,-1,Wyckoff+VSA+RSI
2025-09-18T09:24:36.072905+00:00,2025-09-05 14:15:00,BFC,44100,1,Wyckoff+VSA+RSI
2025-09-18T09:24:36.072905+00:00,2025-09-08 10:00:00,BFC,43000,1,Wyckoff+VSA+RSI
2025-09-18T09:24:36.073907+00:00,2025-09-08 10:15:00,BFC,42800,1,Wyckoff+VSA+RSI
2025-09-18T09:24:36.073907+00:00,2025-09-08 14:15:00,BFC,42100,1,Wyckoff+VSA+RSI
2025-09-18T09:24:36.073907+00:00,2025-09-10 09:15:00,BFC,41500,1,Wyckoff+VSA+RSI
2025-09-18T09:24:36.074920+00:00,2025-09-12 13:30:00,BFC,43200,-1,Wyckoff+VSA+RSI
2025-09-18T09:24:36.074920+00:00,2025-09-15 14:00:00,BFC,44300,-1,Wyckoff+VSA+RSI
2025-09-18T09:24:36.074920+00:00,2025-09-15 14:45:00,BFC,44300,-1,Wyckoff+VSA+RSI
2025-09-18T09:24:36.076327+00:00,2025-09-16 10:45:00,BFC,44750,-1,Wyckoff+VSA+RSI
2025-09-18T09:24:36.076327+00:00,2025-09-16 11:00:00,BFC,44800,-1,Wyckoff+VSA+RSI
2025-09-18T09:24:36.076327+00:00,2025-09-17 13:45:00,BFC,44000,1,Wyckoff+VSA+RSI
2025-09-18T09:24:36.748253+00:00,2025-08-20 10:45:00,NTL,21000,1,Wyckoff+VSA+RSI
2025-09-18T09:24:36.749350+00:00,2025-08-21 13:45:00,NTL,20600,1,Wyckoff+VSA+RSI
2025-09-18T09:24:36.749350+00:00,2025-08-22 09:15:00,NTL,20000,1,Wyckoff+VSA+RSI
2025-09-18T09:24:36.750406+00:00,2025-08-22 09:30:00,NTL,20150,1,Wyckoff+VSA+RSI
2025-09-18T09:24:36.750406+00:00,2025-08-22 10:15:00,NTL,19750,1,Wyckoff+VSA+RSI
2025-09-18T09:24:36.751518+00:00,2025-08-22 10:45:00,NTL,19300,1,Wyckoff+VSA+RSI
2025-09-18T09:24:36.752934+00:00,2025-08-25 13:30:00,NTL,18650,1,Wyckoff+VSA+RSI
2025-09-18T09:24:36.753940+00:00,2025-08-26 14:45:00,NTL,19400,-1,Wyckoff+VSA+RSI
2025-09-18T09:24:36.755010+00:00,2025-08-27 09:30:00,NTL,19800,-1,Wyckoff+VSA+RSI
2025-09-18T09:24:36.755010+00:00,2025-08-27 13:15:00,NTL,19600,-1,Wyckoff+VSA+RSI
2025-09-18T09:24:36.756066+00:00,2025-08-28 13:30:00,NTL,19400,1,Wyckoff+VSA+RSI
2025-09-18T09:24:36.757103+00:00,2025-08-29 09:45:00,NTL,19900,-1,Wyckoff+VSA+RSI
2025-09-18T09:24:36.757103+00:00,2025-09-03 13:00:00,NTL,19800,-1,Wyckoff+VSA+RSI
2025-09-18T09:24:36.758220+00:00,2025-09-04 09:15:00,NTL,20450,-1,Wyckoff+VSA+RSI
2025-09-18T09:24:36.758220+00:00,2025-09-04 09:30:00,NTL,20500,-1,Wyckoff+VSA+RSI
2025-09-18T09:24:36.759716+00:00,2025-09-04 10:30:00,NTL,20300,-1,Wyckoff+VSA+RSI
2025-09-18T09:24:36.759716+00:00,2025-09-08 09:15:00,NTL,19450,1,Wyckoff+VSA+RSI
2025-09-18T09:24:36.761232+00:00,2025-09-08 14:00:00,NTL,19550,-1,Wyckoff+VSA+RSI
2025-09-18T09:24:36.762296+00:00,2025-09-10 14:00:00,NTL,18850,1,Wyckoff+VSA+RSI
2025-09-18T09:24:36.762296+00:00,2025-09-11 09:30:00,NTL,18500,1,Wyckoff+VSA+RSI
2025-09-18T09:24:36.763900+00:00,2025-09-11 09:45:00,NTL,18400,1,Wyckoff+VSA+RSI
2025-09-18T09:24:36.763900+00:00,2025-09-11 10:15:00,NTL,18350,1,Wyckoff+VSA+RSI
2025-09-18T09:24:36.765087+00:00,2025-09-12 09:15:00,NTL,19100,-1,Wyckoff+VSA+RSI
2025-09-18T09:24:36.765087+00:00,2025-09-12 09:45:00,NTL,19200,-1,Wyckoff+VSA+RSI
2025-09-18T09:24:36.766142+00:00,2025-09-12 10:30:00,NTL,19150,-1,Wyckoff+VSA+RSI
2025-09-18T09:24:36.766142+00:00,2025-09-17 14:15:00,NTL,18700,1,Wyckoff+VSA+RSI
2025-09-18T09:24:36.767151+00:00,2025-09-18 10:15:00,NTL,18400,1,Wyckoff+VSA+RSI
2025-09-18T09:24:36.767151+00:00,2025-09-18 10:45:00,NTL,18300,1,Wyckoff+VSA+RSI
2025-09-18T09:24:36.769104+00:00,2025-09-18 13:30:00,NTL,18200,1,Wyckoff+VSA+RSI
2025-09-18T09:24:36.769104+00:00,2025-09-18 13:45:00,NTL,18250,1,Wyckoff+VSA+RSI
